[
    {
        "id": 1,
        "image": "blog-lg-1.jpg",
        "bannerImg": "blog-lg-1.jpg",
        "category": "Business Solution",
        "title": "Profitable business makes your profit",
        "author": "David Smith",
        "publishedDate": "15 Jan, 2023",
        "descripTion": "Collaboratively pontificate bleeding edge resources with inexpensive methodologies globally initiate multidisciplinary compatible architectures pidiously repurpose leading edge growth strategies with just in time web readiness communicate timely meta services."
    },
    {
        "id": 2,
        "image": "blog-lg-2.jpg",
        "bannerImg": "blog-lg-2.jpg",
        "category": "Business Solution",
        "title": "Details Profitable business makes your profit",
        "author": "David Smith",
        "publishedDate": "15 Jan, 2023",
        "descripTion": "Collaboratively pontificate bleeding edge resources with inexpensive methodologies globally initiate multidisciplinary compatible architectures pidiously repurpose leading edge growth strategies with just in time web readiness communicate timely meta services."
    },
    {
        "id": 3,
        "image": "blog-lg-3.jpg",
        "bannerImg": "blog-lg-3.jpg",
        "category": "Business Solution",
        "title": "One Profitable business makes your profit",
        "author": "David Smith",
        "publishedDate": "15 Jan, 2023",
        "descripTion": "Collaboratively pontificate bleeding edge resources with inexpensive methodologies globally initiate multidisciplinary compatible architectures pidiously repurpose leading edge growth strategies with just in time web readiness communicate timely meta services."
    },
    {
        "id": 4,
        "image": "blog-lg-4.jpg",
        "bannerImg": "blog-lg-4.jpg",
        "category": "Business Solution",
        "title": "Me Profitable business makes your profit",
        "author": "David Smith",
        "publishedDate": "15 Jan, 2023",
        "descripTion": "Collaboratively pontificate bleeding edge resources with inexpensive methodologies globally initiate multidisciplinary compatible architectures pidiously repurpose leading edge growth strategies with just in time web readiness communicate timely meta services."
    },
    {
        "id": 5,
        "image": "grid/01.jpg",
        "bannerImg": "grid/01.jpg",
        "category": "Business",
        "title": "Details business makes your profit",
        "author": "David Smith",
        "publishedDate": "15 Jan, 2023",
        "descripTion": "Collaboratively pontificate bleeding edge resources with inexpensive methodologies globally initiate multidisciplinary compatible architectures pidiously repurpose leading edge growth strategies with just in time web readiness communicate timely meta services."
    },
    {
        "id": 6,
        "image": "grid/02.jpg",
        "bannerImg": "grid/02.jpg",
        "category": "Business",
        "title": "Firebase business makes your profit",
        "author": "David Smith",
        "publishedDate": "15 Jan, 2023",
        "descripTion": "Collaboratively pontificate bleeding edge resources with inexpensive methodologies globally initiate multidisciplinary compatible architectures pidiously repurpose leading edge growth strategies with just in time web readiness communicate timely meta services."
    },
    {
        "id": 7,
        "image": "grid/03.jpg",
        "bannerImg": "grid/03.jpg",
        "category": "Business",
        "title": "Netlyfy business makes your profit",
        "author": "David Smith",
        "publishedDate": "15 Jan, 2023",
        "descripTion": "Collaboratively pontificate bleeding edge resources with inexpensive methodologies globally initiate multidisciplinary compatible architectures pidiously repurpose leading edge growth strategies with just in time web readiness communicate timely meta services."
    },
    {
        "id": 8,
        "image": "grid/04.jpg",
        "bannerImg": "grid/04.jpg",
        "category": "Business",
        "title": "Profitable business makes your profit",
        "author": "David Smith",
        "publishedDate": "15 Jan, 2023",
        "descripTion": "Collaboratively pontificate bleeding edge resources with inexpensive methodologies globally initiate multidisciplinary compatible architectures pidiously repurpose leading edge growth strategies with just in time web readiness communicate timely meta services."
    },
    {
        "id": 9,
        "image": "grid/04.jpg",
        "bannerImg": "grid/04.jpg",
        "category": "Business",
        "title": "Basic business makes your profit",
        "author": "David Smith",
        "publishedDate": "15 Jan, 2023",
        "descripTion": "Collaboratively pontificate bleeding edge resources with inexpensive methodologies globally initiate multidisciplinary compatible architectures pidiously repurpose leading edge growth strategies with just in time web readiness communicate timely meta services."
    },
    {
        "id": 10,
        "image": "grid/05.jpg",
        "bannerImg": "grid/05.jpg",
        "category": "Business",
        "title": "Monials business makes your profit",
        "author": "David Smith",
        "publishedDate": "15 Jan, 2023",
        "descripTion": "Collaboratively pontificate bleeding edge resources with inexpensive methodologies globally initiate multidisciplinary compatible architectures pidiously repurpose leading edge growth strategies with just in time web readiness communicate timely meta services."
    },
    {
        "id": 11,
        "image": "grid/06.jpg",
        "bannerImg": "grid/07.jpg",
        "category": "Business",
        "title": "Basic business makes your profit",
        "author": "David Smith",
        "publishedDate": "15 Jan, 2023",
        "descripTion": "Collaboratively pontificate bleeding edge resources with inexpensive methodologies globally initiate multidisciplinary compatible architectures pidiously repurpose leading edge growth strategies with just in time web readiness communicate timely meta services."
    },
    {
        "id": 12,
        "image": "grid/07.jpg",
        "bannerImg": "grid/07.jpg",
        "category": "Business",
        "title": "Two Step business makes your profit",
        "author": "David Smith",
        "publishedDate": "15 Jan, 2023",
        "descripTion": "Collaboratively pontificate bleeding edge resources with inexpensive methodologies globally initiate multidisciplinary compatible architectures pidiously repurpose leading edge growth strategies with just in time web readiness communicate timely meta services."
    },
    {
        "id": 13,
        "image": "grid/08.jpg",
        "bannerImg": "grid/08.jpg",
        "category": "Business",
        "title": "Varifiaation business makes your profit",
        "author": "David Smith",
        "publishedDate": "15 Jan, 2023",
        "descripTion": "Collaboratively pontificate bleeding edge resources with inexpensive methodologies globally initiate multidisciplinary compatible architectures pidiously repurpose leading edge growth strategies with just in time web readiness communicate timely meta services."
    },
    {
        "id": 14,
        "image": "grid/09.jpg",
        "bannerImg": "grid/09.jpg",
        "category": "Business",
        "title": "Pass business makes your profit",
        "author": "David Smith",
        "publishedDate": "15 Jan, 2023",
        "descripTion": "Collaboratively pontificate bleeding edge resources with inexpensive methodologies globally initiate multidisciplinary compatible architectures pidiously repurpose leading edge growth strategies with just in time web readiness communicate timely meta services."
    },
    {
        "id": 15,
        "image": "grid/10.jpg",
        "bannerImg": "grid/10.jpg",
        "category": "Business",
        "title": "Word business makes your profit",
        "author": "David Smith",
        "publishedDate": "15 Jan, 2023",
        "descripTion": "Collaboratively pontificate bleeding edge resources with inexpensive methodologies globally initiate multidisciplinary compatible architectures pidiously repurpose leading edge growth strategies with just in time web readiness communicate timely meta services."
    },
    {
        "id": 16,
        "image": "grid/05.jpg",
        "bannerImg": "grid/05.jpg",
        "category": "Business",
        "title": "Profitable business makes your profit",
        "author": "David Smith",
        "publishedDate": "15 Jan, 2023",
        "descripTion": "Collaboratively pontificate bleeding edge resources with inexpensive methodologies globally initiate multidisciplinary compatible architectures pidiously repurpose leading edge growth strategies with just in time web readiness communicate timely meta services."
    },
    {
        "id": 17,
        "image": "01.jpg",
        "bannerImg": "01.jpg",
        "title": "Profitable business makes your profit",
        "author": "David Smith",
        "publishedDate": "15 Jan, 2023",
        "descripTion": "Collaboratively pontificate bleeding edge resources with inexpensive methodologies globally initiate multidisciplinary compatible architectures pidiously repurpose leading edge growth strategies with just in time web readiness communicate timely meta services."
    },
    {
        "id": 18,
        "image": "02.jpg",
        "bannerImg": "02.jpg",
        "category": "Business",
        "title": "The quick settle tips of the new ages exist ",
        "author": "David Smith",
        "publishedDate": "15 Jan, 2023",
        "descripTion": "Collaboratively pontificate bleeding edge resources with inexpensive methodologies globally initiate multidisciplinary compatible architectures pidiously repurpose leading edge growth strategies with just in time web readiness communicate timely meta services."
    },
    {
        "id": 19,
        "image": "03.jpg",
        "bannerImg": "03.jpg",
        "category": "Business",
        "title": "Old generation settle tips of the new ages upps ! ",
        "author": "David Smith",
        "publishedDate": "15 Jan, 2023",
        "descripTion": "Collaboratively pontificate bleeding edge resources with inexpensive methodologies globally initiate multidisciplinary compatible architectures pidiously repurpose leading edge growth strategies with just in time web readiness communicate timely meta services."
    },
    {
        "id": 20,
        "image": "04.jpg",
        "bannerImg": "04.jpg",
        "category": "Business",
        "title": "Monkey Form settle tips of the new ages end ",
        "author": "David Smith",
        "publishedDate": "15 Jan, 2023",
        "descripTion": "Collaboratively pontificate bleeding edge resources with inexpensive methodologies globally initiate multidisciplinary compatible architectures pidiously repurpose leading edge growth strategies with just in time web readiness communicate timely meta services."
    },
    {
        "id": 21,
        "image": "04.jpg",
        "bannerImg": "04.jpg",
        "category": "Business",
        "title": "Profitable business makes your profit",
        "author": "David Smith",
        "publishedDate": "15 Jan, 2023",
        "descripTion": "Collaboratively pontificate bleeding edge resources with inexpensive methodologies globally initiate multidisciplinary compatible architectures pidiously repurpose leading edge growth strategies with just in time web readiness communicate timely meta services."
    },
    {
        "id": 22,
        "image": "09.jpg",
        "bannerImg": "09.jpg",
        "category": "Business",
        "title": "The quick settle tips of the new ages exist",
        "author": "David Smith",
        "publishedDate": "15 Jan, 2023",
        "descripTion": "Collaboratively pontificate bleeding edge resources with inexpensive methodologies globally initiate multidisciplinary compatible architectures pidiously repurpose leading edge growth strategies with just in time web readiness communicate timely meta services."
    },
    {
        "id": 23,
        "image": "08.jpg",
        "bannerImg": "08.jpg",
        "category": "Business",
        "title": "Business is the practice of making money",
        "author": "David Smith",
        "publishedDate": "15 Jan, 2023",
        "descripTion": "Collaboratively pontificate bleeding edge resources with inexpensive methodologies globally initiate multidisciplinary compatible architectures pidiously repurpose leading edge growth strategies with just in time web readiness communicate timely meta services."
    },
    {
        "id": 24,
        "image": "10.jpg",
        "bannerImg": "10.jpg",
        "category": "Business",
        "title": "Business is the practice of making money",
        "author": "David Smith",
        "publishedDate": "15 Jan, 2023",
        "descripTion": "Collaboratively pontificate bleeding edge resources with inexpensive methodologies globally initiate multidisciplinary compatible architectures pidiously repurpose leading edge growth strategies with just in time web readiness communicate timely meta services."
    },
    {
        "id": 25,
        "image": "11.jpg",
        "bannerImg": "11.jpg",
        "category": "Business",
        "title": "Progress is the practice of making money",
        "author": "David Smith",
        "publishedDate": "15 Jan, 2023",
        "descripTion": "Collaboratively pontificate bleeding edge resources with inexpensive methodologies globally initiate multidisciplinary compatible architectures pidiously repurpose leading edge growth strategies with just in time web readiness communicate timely meta services."
    },
    {
        "id": 26,
        "image": "12.jpg",
        "bannerImg": "12.jpg",
        "category": "Business",
        "title": "Finance Helps Your Profit Secure & Proper",
        "author": "David Smith",
        "publishedDate": "15 Jan, 2023",
        "descripTion": "Collaboratively pontificate bleeding edge resources with inexpensive methodologies globally initiate multidisciplinary compatible architectures pidiously repurpose leading edge growth strategies with just in time web readiness communicate timely meta services."
    },
    {
        "id": 27,
        "image": "14.png",
        "bannerImg": "14.png",
        "category": "Business",
        "title": "Finance Helps Your Profit Secure & Proper",
        "author": "David Smith",
        "publishedDate": "15 Jan, 2023",
        "descripTion": "Collaboratively pontificate bleeding edge resources with inexpensive methodologies globally initiate multidisciplinary compatible architectures pidiously repurpose leading edge growth strategies with just in time web readiness communicate timely meta services."
    },
    {
        "id": 28,
        "image": "15.png",
        "bannerImg": "15.png",
        "category": "Business",
        "title": "The quick settle tips of the new ages exist",
        "author": "David Smith",
        "publishedDate": "28 Jan, 2023",
        "descripTion": "Collaboratively pontificate bleeding edge resources with inexpensive methodologies globally initiate multidisciplinary compatible architectures pidiously repurpose leading edge growth strategies with just in time web readiness communicate timely meta services."
    },
    {
        "id": 29,
        "image": "09.jpg",
        "bannerImg": "09.jpg",
        "category": "Business",
        "title": "Report current news in your business and corporate industry",
        "author": "David Smith",
        "publishedDate": "12 Mar, 2023",
        "descripTion": "Collaboratively pontificate bleeding edge resources with inexpensive methodologies globally initiate multidisciplinary compatible architectures pidiously repurpose leading edge growth strategies with just in time web readiness communicate timely meta services."
    },
    {
        "id": 30,
        "image": "08.jpg",
        "bannerImg": "08.jpg",
        "category": "Business",
        "title": "Report current news in your business and corporate industry",
        "author": "David Smith",
        "publishedDate": "12 Mar, 2023",
        "descripTion": "Collaboratively pontificate bleeding edge resources with inexpensive methodologies globally initiate multidisciplinary compatible architectures pidiously repurpose leading edge growth strategies with just in time web readiness communicate timely meta services."
    },
    {
        "id": 31,
        "image": "08.jpg",
        "bannerImg": "08.jpg",
        "category": "Business",
        "title": "Report current news in your business and corporate industry",
        "author": "David Smith",
        "publishedDate": "12 Mar, 2023",
        "descripTion": "Collaboratively pontificate bleeding edge resources with inexpensive methodologies globally initiate multidisciplinary compatible architectures pidiously repurpose leading edge growth strategies with just in time web readiness communicate timely meta services."
    },
    {
        "id": 32,
        "image": "08.jpg",
        "bannerImg": "08.jpg",
        "category": "Business",
        "title": "Report current news in your business and corporate industry",
        "author": "David Smith",
        "publishedDate": "12 Mar, 2023",
        "descripTion": "Collaboratively pontificate bleeding edge resources with inexpensive methodologies globally initiate multidisciplinary compatible architectures pidiously repurpose leading edge growth strategies with just in time web readiness communicate timely meta services."
    },
    {
        "id": 33,
        "image": "08.jpg",
        "bannerImg": "08.jpg",
        "category": "Business",
        "title": "Report current news in your business and corporate industry",
        "author": "David Smith",
        "publishedDate": "12 Mar, 2023",
        "descripTion": "Collaboratively pontificate bleeding edge resources with inexpensive methodologies globally initiate multidisciplinary compatible architectures pidiously repurpose leading edge growth strategies with just in time web readiness communicate timely meta services."
    }
]